<?xml version="1.0" encoding="UTF-8"?>
<project-private xmlns="http://www.netbeans.org/ns/project-private/1">
    <editor-bookmarks xmlns="http://www.netbeans.org/ns/editor-bookmarks/2" lastBookmarkId="0"/>
    <open-files xmlns="http://www.netbeans.org/ns/projectui-open-files/2">
        <group>
            <file>file:/C:/Users/TJRaj/Documents/NetBeansProjects/Varsha_P1/src/java/regServ.java</file>
            <file>file:/C:/Users/TJRaj/Documents/NetBeansProjects/Varsha_P1/web/Reg_c.css</file>
            <file>file:/C:/Users/TJRaj/Documents/NetBeansProjects/Varsha_P1/web/Login_c.css</file>
            <file>file:/C:/Users/TJRaj/Documents/NetBeansProjects/Varsha_P1/web/Login.html</file>
            <file>file:/C:/Users/TJRaj/Documents/NetBeansProjects/Varsha_P1/web/quiz.jsp</file>
            <file>file:/C:/Users/TJRaj/Documents/NetBeansProjects/Varsha_P1/src/java/LoginValidate.java</file>
            <file>file:/C:/Users/TJRaj/Documents/NetBeansProjects/Varsha_P1/web/Reg.html</file>
        </group>
    </open-files>
</project-private>
